Symbol,Langname
SHOP,Shopify Inc.
BPAC11,nan
CON,"Concentra Group Holdings Parent, Inc."
REC,"Recursion Pharmaceuticals, Inc."
3088,ChinaAMC Global ETF Series - ChinaAMC Hang Seng Tech Index ETF
QFIN,"Qfin Holdings, Inc."
AC*,Gesher Acquisition Corp. II
BZ,Kanzhun Limited
KOFUBL,"Coca-Cola FEMSA, S.A.B. de C.V."
PE&OLES*,PEN/XDR
BEPC,Brookfield Renewable Corporation
NRP,Natural Resource Partners L.P.
ATHM,Autohome Inc.
1066,Shandong Weigao Group Medical Polymer Company Limited
PPH,VanEck Pharmaceutical ETF
2938,"Okamura Foods Co., Ltd."
ITSA2,ITAUSA RTS SA
AES,The AES Corporation
BF-B,Brown-Forman Corporation
CRL,"Charles River Laboratories International, Inc."
FIX,"Comfort Systems USA, Inc."
FRT,Federal Realty Investment Trust
FISV,"Fiserv, Inc."
GNRC,Generac Holdings Inc.
GL,Globe Life Inc.
HAS,"Hasbro, Inc."
HSIC,"Henry Schein, Inc."
IVZ,Invesco Ltd.
LW,"Lamb Weston Holdings, Inc."
MTCH,"Match Group, Inc."
MOS,The Mosaic Company
NWS,News Corporation
NCLH,Norwegian Cruise Line Holdings Ltd.
PSKY,Paramount Skydance Corporation
PNW,Pinnacle West Capital Corporation
Q,"Qnity Electronics, Inc."
RL,Ralph Lauren Corporation
SNDK,Sandisk Corporation
TPR,"Tapestry, Inc."
TKO,"TKO Group Holdings, Inc."
ARM,Arm Holdings plc
INSM,Insmed Incorporated
ADS.DE,adidas AG
AIR.PA.DE,nan
ALV.DE,Allianz SE
BAS.DE,BASF SE
BEI.DE,Beiersdorf Aktiengesellschaft
BNR.DE,Brenntag SE
CON.DE,Continental Aktiengesellschaft
DTG.DE,Daimler Truck Holding AG
DB1.DE,Deutsche Börse AG
DHL.DE,Deutsche Post AG
DTE.DE,Deutsche Telekom AG
FRE.DE,Fresenius SE & Co. KGaA
FME.DE,Fresenius Medical Care AG
G1A.DE,GEA Group Aktiengesellschaft
HNR1.DE,Hannover Rück SE
HEI.DE,Heidelberg Materials AG
HEN3.DE,Henkel AG & Co. KGaA
MBG.DE,Mercedes-Benz Group AG
MRK.DE,Merck KGaA
MTX.DE,MTU Aero Engines AG
MUV2.DE,Münchener Rückversicherungs-Gesellschaft Aktiengesellschaft in München
QIA.DE,Qiagen N.V.
SAP.DE,SAP SE
SIE.DE,Siemens Aktiengesellschaft
ENR.DE,Siemens Energy AG
SHL.DE,Siemens Healthineers AG
AIXA.DE,AIXTRON SE
AT1.DE,Aroundtown SA
NDA.DE,Aurubis AG
BC8.DE,Bechtle AG
BFSA.DE,Befesa S.A.
GBF.DE,Bilfinger SE
AFX.DE,Carl Zeiss Meditec AG
ECV.DE,nan
EVK.DE,Evonik Industries AG
EVT.DE,Evotec SE
FRA.DE,Fraport AG
FNTN.DE,freenet AG
FPE3.DE,Fuchs SE
GXI.DE,Gerresheimer AG
HLE.DE,HELLA GmbH & Co. KGaA
HFG.DE,HelloFresh SE
HAG.DE,Hensoldt AG
HOT.DE,HOCHTIEF Aktiengesellschaft
BOSS.DE,Hugo Boss AG
JEN.DE,Jenoptik AG
JUN3.DE,Jungheinrich Aktiengesellschaft
SDF.DE,K+S Aktiengesellschaft
KGX.DE,KION GROUP AG
KRN.DE,Krones AG
LXS.DE,LANXESS Aktiengesellschaft
LEG.DE,LEG Immobilien SE
NEM.DE,Nemetschek SE
NDX1.DE,Nordex SE
PUM.DE,PUMA SE
RAA.DE,RATIONAL Aktiengesellschaft
RDC.DE,Redcare Pharmacy NV
RRTL.DE,RTL Group S.A.
WAF.DE,Siltronic AG
STM.DE,Stabilus SE
SAX.DE,Ströer SE & Co. KGaA
TEG.DE,TAG Immobilien AG
TLX.DE,Talanx AG
TMV.DE,TeamViewer SE
TKA.DE,thyssenkrupp AG
8TRA.DE,Traton SE
TUI1.DE,TUI AG
UTDI.DE,United Internet AG
WCH.DE,Wacker Chemie AG
III.L,3i Group Ord
ADM.L,Admiral Group plc
AAF.L,Airtel Africa Plc
ALW.L,Alliance Witan Ord
AAL.L,Anglo American plc
ANTO.L,Antofagasta plc
AHT.L,Sunbelt Rentals Holdings Inc
ABF.L,Associated British Foods plc
AZN.L,AstraZeneca PLC
AUTO.L,Autotrader Group plc
AV.L,Aviva plc
BAB.L,Babcock International Group PLC
BA.L,BAE Systems plc
BEZ.L,Beazley plc
BKG.L,The Berkeley Group Holdings plc
BP.L,BP p.l.c.
BLND.L,British Land Company PLC
BT-A.L,BT Group plc
BRBY.L,Burberry Group plc
CNA.L,Centrica plc
CCEP.L,Coca-Cola Europacific Partners PLC
CCH.L,Coca-Cola HBC AG
CTEC.L,Convatec Group PLC
DCC.L,DCC plc
DPLM.L,Diploma PLC
EDV.L,Endeavour Mining plc
ENT.L,Entain Plc
FCIT.L,F&C Investment Trust Ord
FRES.L,Fresnillo plc
GAW.L,Games Workshop Group PLC
GLEN.L,Glencore plc
GSK.L,GSK plc
HLN.L,Haleon plc
HIK.L,Hikma Pharmaceuticals PLC
HSX.L,Hiscox Ltd
HWDN.L,Howden Joinery Group Plc
ICG.L,ICG plc
IHG.L,InterContinental Hotels Group PLC
IMI.L,IMI plc
INF.L,Informa plc
IAG.L,International Consolidated Airlines Group S.A.
ITRK.L,Intertek Group plc
JD.L,JD Sports Fashion Plc
LAND.L,Land Securities Group Plc
LLOY.L,Lloyds Banking Group plc
LMP.L,LondonMetric Property Plc
MNG.L,M&G plc
MRO.L,Melrose Industries PLC
MTLN.L,Metlen Energy & Metals PLC
NG.L,National Grid plc
NWG.L,NatWest Group plc
NXT.L,NEXT plc
PSH.L,"Pershing Square Holdings, Ltd."
PSN.L,Persimmon Plc
PCT.L,Polar Capital Technology Ord
PRU.L,Prudential plc
RKT.L,Reckitt Benckiser Group plc
REL.L,RELX PLC
RTO.L,Rentokil Initial plc
RMV.L,Rightmove plc
RIO.L,Rio Tinto Group
SDR.L,Schroders plc
SMT.L,Scottish Mortgage Ord
SGRO.L,SEGRO Plc
SVT.L,Severn Trent PLC
SHEL.L,Shell plc
SMIN.L,Smiths Group plc
SN.L,Smith & Nephew plc
SPX.L,Spirax Group plc
SSE.L,SSE plc
STAN.L,Standard Chartered PLC
STJ.L,St. James's Place plc
TSCO.L,Tesco PLC
VOD.L,Vodafone Group Public Limited Company
WEIR.L,The Weir Group PLC
WTB.L,Whitbread plc
FIE.DE,Fielmann Group AG
DEZ.DE,DEUTZ Aktiengesellschaft
SWA.DE,Schloss Wachenheim AG
HDD.DE,Heidelberger Druckmaschinen Aktiengesellschaft
JJU.DE,nan
PFV.DE,Pfeiffer Vacuum Technology AG
GFT.DE,GFT Technologies SE
GIL.DE,DMG MORI AKTIENGESELLSCHAFT
SIX2.DE,Sixt SE
DUE.DE,Dürr Aktiengesellschaft
BIO3.DE,Biotest Aktiengesellschaft
ROG.SW,Roche Holding AG
CFR.SW,Compagnie Financière Richemont SA
ABBN.SW,ABB Ltd
ZURN.SW,Zurich Insurance Group AG
ASML.AS,ASML Holding N.V.
MC.PA,"LVMH Moët Hennessy - Louis Vuitton, Société Européenne"
OR.PA,L'Oréal S.A.
TTE.PA,TotalEnergies SE
AIR.PA,Airbus SE
RMS.PA,Hermès International Société en commandite par actions
SAN.MC,"Banco Santander, S.A."
IBE.MC,"Iberdrola, S.A."
ITX.MC,"Industria de Diseño Textil, S.A."
INGA.AS,ING Groep N.V.
CS.PA,AXA SA
AI.PA,L'Air Liquide S.A.
NOVO-B.CO,Novo Nordisk A/S
7203.T,Toyota Motor Corporation
RY.TO,Royal Bank of Canada
TD.TO,The Toronto-Dominion Bank
CNR.TO,Canadian National Railway Company
CP.TO,Canadian Pacific Kansas City Limited
CNQ.TO,Canadian Natural Resources Limited
ENB.TO,Enbridge Inc.
BHP.AX,BHP Group Limited
CBA.AX,Commonwealth Bank of Australia
CSL.AX,CSL Limited
NAB.AX,National Australia Bank Limited
SHOP.TO,Shopify Inc.
BBVA.MC,"Banco Bilbao Vizcaya Argentaria, S.A."
SAF.PA,Safran SA
SAN.PA,Sanofi
8035.T,Tokyo Electron Limited
EL.PA,EssilorLuxottica Société anonyme
BN.TO,Brookfield Corporation
ISP.MI,Intesa Sanpaolo S.p.A.
AEM.TO,Agnico Eagle Mines Limited
8411.T,"Mizuho Financial Group, Inc."
BMO.TO,Bank of Montreal
ENEL.MI,Enel SpA
BNS.TO,The Bank of Nova Scotia
SPOT.ST,nan
PRX.AS,Prosus N.V.
CM.TO,Canadian Imperial Bank of Commerce
8001.T,ITOCHU Corporation
8031.T,"Mitsui & Co., Ltd."
DG.PA,Vinci SA
ANZ.AX,ANZ Group Holdings Limited
INVE-B.ST,Investor AB (publ)
MFC.TO,Manulife Financial Corporation
NDA-FI.HE,Nordea Bank Abp
WES.AX,Wesfarmers Limited
388.HK,nan
BN.PA,Danone S.A.
SU.TO,Suncor Energy Inc.
WPM.TO,Wheaton Precious Metals Corp.
TRP.TO,TC Energy Corporation
GLE.PA,Société Générale Société anonyme
VOLV-B.ST,AB Volvo (publ)
ATCO-A.ST,Atlas Copco AB (publ)
DSV.CO,DSV A/S
SE.SI,nan
CABK.MC,"CaixaBank, S.A."
4502.T,Takeda Pharmaceutical Company Limited
nan.TO,nan
RACE.MI,Ferrari N.V.
CCO.TO,Cameco Corporation
FNV.TO,Franco-Nevada Corporation
SGO.PA,Compagnie de Saint-Gobain S.A.
ALC.SW,Alcon Inc.
GMG.AX,Goodman Group
4568.T,"Daiichi Sankyo Company, Limited"
K.TO,Kinross Gold Corporation
7267.T,"Honda Motor Co., Ltd."
LR.PA,Legrand SA
ENI.MI,Eni S.p.A.
ASSA-B.ST,ASSA ABLOY AB (publ)
AD.AS,Koninklijke Ahold Delhaize N.V.
DOL.TO,Dollarama Inc.
RKLB,Rocket Lab Corporation
4519.T,"Chugai Pharmaceutical Co., Ltd."
SAND.ST,Sandvik AB (publ)
FER.MC,Ferrovial SE
ASM.AS,ASM International NV
LUMI.TA,Bank Leumi le-Israel B.M.
U11.SI,United Overseas Bank Limited
NOKIA.HE,Nokia Oyj
G.MI,Assicurazioni Generali S.p.A.
AMS.MC,"Amadeus IT Group, S.A."
CLS.TO,Celestica Inc.
TEVA.TA,Teva Pharmaceutical Industries Limited
SLF.TO,Sun Life Financial Inc.
RIO.AX,Rio Tinto Group
SEB-A.ST,Skandinaviska Enskilda Banken AB (publ)
CIEN,Ciena Corporation
ORA.PA,Orange S.A.
3382.T,"Seven & i Holdings Co., Ltd."
GALD.SW,nan
HO.PA,Thales S.A.
SIKA.SW,Sika AG
8591.T,ORIX Corporation
6981.T,"Murata Manufacturing Co., Ltd."
8267.T,"Aeon Co., Ltd."
SDZ.SW,Sandoz Group AG
DANSKE.CO,Danske Bank A/S
SWED-A.ST,Swedbank AB (publ)
SOFI,"SoFi Technologies, Inc."
POLI.TA,Bank Hapoalim B.M.
BE,Bloom Energy Corporation
WDS.AX,Woodside Energy Group Ltd
NTR.TO,Nutrien Ltd.
L.TO,Loblaw Companies Limited
TCL.AX,Transurban Group
AMRZ,nan
6146.T,Disco Corporation
RYA,nan
UMG.AS,Universal Music Group N.V.
AER.AS,nan
POW.TO,Power Corporation of Canada
PRY.MI,Prysmian S.p.A.
ATCO-B.ST,Atlas Copco AB (publ)
CAP.PA,Capgemini SE
SAMPO.HE,Sampo Oyj
FTS.TO,Fortis Inc.
LDO.MI,Leonardo S.p.a.
KER.PA,Kering SA
FMG.AX,Fortescue Ltd
HEXA-B.ST,Hexagon AB (publ)
MT.PA,ArcelorMittal SA
6902.T,DENSO Corporation
GEBN.SW,Geberit AG
4503.T,Astellas Pharma Inc.
ERIC-B.ST,Telefonaktiebolaget LM Ericsson (publ)
PAAS.TO,Pan American Silver Corp.
6762.T,TDK Corporation
PUB.PA,Publicis Groupe S.A.
ALL.AX,Aristocrat Leisure Limited
VIE.PA,Veolia Environnement SA
CVE.TO,Cenovus Energy Inc.
CRDO,Credo Technology Group Holding Ltd
CYBR.TA,nan
REP.MC,"Repsol, S.A."
WOW.AX,Woolworths Group Limited
ACS.MC,"ACS, Actividades de Construcción y Servicios, S.A."
FLEX,Flex Ltd.
DNB.OL,DNB Bank ASA
AENA.MC,"Aena S.M.E., S.A."
16.HK,nan
GMAB.CO,Genmab A/S
SAAB-B.ST,Saab AB (publ)
NST.AX,Northern Star Resources Limited
BAM.TO,Brookfield Asset Management Ltd.
TRI.TO,Thomson Reuters Corporation
AFRM,"Affirm Holdings, Inc."
FM.TO,First Quantum Minerals Ltd.
TECK.B.TO,nan
ML.PA,Compagnie Générale des Établissements Michelin Société en commandite par actions
NSIS-B.CO,Novozymes A/S
5020.T,"ENEOS Holdings, Inc."
ALAB,"Astera Labs, Inc."
6178.T,"Japan Post Holdings Co., Ltd."
ACA.PA,Crédit Agricole S.A.
GIB.A.TO,nan
SHB-A.ST,Svenska Handelsbanken AB (publ)
PPL.TO,Pembina Pipeline Corporation
BMPS.MI,Banca Monte dei Paschi di Siena S.p.A.
DSY.PA,Dassault Systèmes SE
NBIS.AS,nan
ABN.AS,ABN AMRO Bank N.V.
CCEP.AS,Coca-Cola Europacific Partners PLC
BPE.MI,BPER Banca SpA
EQNR.OL,Equinor ASA
QBE.AX,QBE Insurance Group Limited
1.HK,nan
NN.AS,NN Group N.V.
7013.T,IHI Corporation
QSR.TO,Restaurant Brands International Inc.
ESLT.TA,Elbit Systems Ltd.
SAB.MC,"Banco de Sabadell, S.A."
EQT.ST,EQT AB (publ)
HBAN.SW,Helvetia Baloise Holding AG
669.HK,nan
BOL.ST,Boliden AB (publ)
RBA.TO,"RB Global, Inc."
8308.T,"Resona Holdings, Inc."
1605.T,Inpex Corporation
2802.T,"Ajinomoto Co., Inc."
SGSN.SW,SGS SA
KPN.AS,Koninklijke KPN N.V.
CHKP.TA,nan
11.HK,nan
COL.AX,Coles Group Limited
BAER.SW,Julius Bär Gruppe AG
ALFA.ST,Alfa Laval AB (publ)
FBK.MI,FinecoBank Banca Fineco S.p.A.
AGI.TO,Alamos Gold Inc.
BT.A.L,nan
BAMI.MI,Banco BPM S.p.A.
RI.PA,Pernod Ricard SA
MRU.TO,Metro Inc.
ESSITY-B.ST,Essity AB (publ)
EVN.AX,Evolution Mining Limited
EPI-A.ST,Epiroc AB (publ)
SATS,EchoStar Corporation
CLNX.MC,"Cellnex Telecom, S.A."
TOU.TO,Tourmaline Oil Corp.
6201.T,Toyota Industries Corporation
5713.T,"Sumitomo Metal Mining Co., Ltd."
1801.T,Taisei Corporation
UPM.HE,UPM-Kymmene Oyj
SCG.AX,Scentre Group
1812.T,Kajima Corporation
TEF.MC,"Telefónica, S.A."
2.HK,nan
IMO.TO,Imperial Oil Limited
BBD.B.TO,nan
ORG.AX,Origin Energy Limited
WN.TO,George Weston Limited
MG.TO,Magna International Inc.
IONQ,"IonQ, Inc."
LOGN.SW,Logitech International S.A.
RCI.B.TO,nan
LUN.TO,Lundin Mining Corporation
2502.T,"Asahi Group Holdings, Ltd."
9532.T,"Osaka Gas Co., Ltd."
EMA.TO,Emera Incorporated
TRN.MI,Terna S.p.A.
SCHP.SW,Schindler Holding AG
6988.T,Nitto Denko Corporation
CRWV,"CoreWeave, Inc."
PST.MI,Poste Italiane S.p.A.
STMN.SW,Straumann Holding AG
MONC.MI,Moncler S.p.A.
SUN.AX,Suncorp Group Limited
6.HK,nan
1802.T,Obayashi Corporation
2503.T,"Kirin Holdings Company, Limited"
METSO.HE,Metso Oyj
6361.T,Ebara Corporation
BESI.AS,BE Semiconductor Industries N.V.
SRG.MI,Snam S.p.A.
GRAB.SI,nan
STO.AX,Santos Limited
IAG.AX,Insurance Australia Group Limited
9531.T,"Tokyo Gas Co.,Ltd."
LISP.SW,Chocoladefabriken Lindt & Sprüngli AG
RO.SW,Roche Holding AG
823.HK,nan
1928.T,"Sekisui House, Ltd."
GFL.TO,GFL Environmental Inc.
SOON.SW,Sonova Holding AG
TLS.AX,Telstra Group Limited
KOG.OL,Kongsberg Gruppen ASA
HM-B.ST,H & M Hennes & Mauritz AB (publ)
J36.HK,nan
GIL.TO,Gildan Activewear Inc.
AGN.AS,Aegon Ltd.
COH.AX,Cochlear Limited
H.TO,Hydro One Limited
OKLO,Oklo Inc.
S32.AX,South32 Limited
6920.T,Lasertec Corporation
CPU.AX,Computershare Limited
7012.T,"Kawasaki Heavy Industries, Ltd."
ARX.TO,ARC Resources Ltd.
ATRL.TO,AtkinsRéalis Group Inc.
CARL-B.CO,Carlsberg A/S
NVMI.TA,Nova Ltd.
FUTU.HK,nan
NHY.OL,Norsk Hydro ASA
3659.T,"NEXON Co., Ltd."
XRO.AX,Xero Limited
BKT.MC,"Bankinter, S.A."
EN.PA,Bouygues SA
TEL2-B.ST,Tele2 AB (publ)
285A.T,nan
ORSTED.CO,Ørsted A/S
MAERSK-B.CO,A.P. Møller - Mærsk A/S
COLO-B.CO,Coloplast A/S
LIFCO-B.ST,Lifco AB (publ)
STN.TO,Stantec Inc.
APA.AX,APA Group
WTC.AX,WiseTech Global Limited
FGR.PA,Eiffage SA
BEAN.SW,BELIMO Holding AG
FORTUM.HE,Fortum Oyj
ELE.MC,"Endesa, S.A."
IAG.TO,iA Financial Corporation Inc.
PHOE.TA,Phoenix Financial Ltd
TELIA.ST,Telia Company AB (publ)
WCP.TO,Whitecap Resources Inc.
MAERSK-A.CO,A.P. Møller - Mærsk A/S
MZTF.TA,Mizrahi Tefahot Bank Ltd.
EVO.ST,Evolution AB (publ)
X.TO,TMX Group Limited
ALO.PA,Alstom SA
SKF-B.ST,AB SKF (publ)
EFN.TO,Element Fleet Management Corp.
4523.T,"Eisai Co., Ltd."
EXO.AS,Exor N.V.
ENX.PA,Euronext N.V.
3402.T,"Toray Industries, Inc."
TIH.TO,Toromont Industries Ltd.
TEL.OL,Telenor ASA
UNI.MI,Unipol Assicurazioni S.p.A.
AC.PA,Accor SA
ADDT-B.ST,Addtech AB (publ.)
9502.T,"Chubu Electric Power Company, Incorporated"
LUG.TO,Lundin Gold Inc.
7453.T,"Ryohin Keikaku Co., Ltd."
83.HK,nan
TREL-B.ST,Trelleborg AB (publ)
CA.PA,Carrefour SA
SIG.AX,Sigma Healthcare Limited
3.HK,nan
SKA-B.ST,Skanska AB (publ)
TFII.TO,TFI International Inc.
RXL.PA,Rexel S.A.
HEIO.AS,Heineken Holding N.V.
LYC.AX,Lynas Rare Earths Limited
BCP,nan
TEN.MI,Tenaris S.A.
TRYG.CO,Tryg A/S
SGH.AX,SGH Limited
CCL.B.TO,nan
LI.PA,Klépierre SA
CAE.TO,CAE Inc.
YAR.OL,Yara International ASA
66.HK,nan
HEN.DE,Henkel AG & Co. KGaA
OTEX.TO,Open Text Corporation
MPL.AX,Medibank Private Limited
7186.T,"Yokohama Financial Group, Inc."
PME.AX,Pro Medicus Limited
27.HK,nan
ALA.TO,AltaGas Ltd.
SHL.AX,Sonic Healthcare Limited
SGP.AX,Stockland
288.HK,nan
REA.AX,REA Group Limited
NICE.TA,NICE Ltd.
6504.T,"Fuji Electric Co., Ltd."
DSG.TO,The Descartes Systems Group Inc.
SCA-B.ST,Svenska Cellulosa Aktiebolaget SCA (publ)
MICC.AS,nan
RNO.PA,Renault SA
5019.T,"Idemitsu Kosan Co.,Ltd."
8113.T,Unicharm Corporation
H78.HK,nan
IAG.MC,International Consolidated Airlines Group S.A.
3088.T,MatsukiyoCocokara & Co.
CAR.AX,CAR Group Limited
7201.T,"Nissan Motor Co., Ltd."
AM.PA,Dassault Aviation société anonyme
SRT3.DE,Sartorius Aktiengesellschaft
EPI-B.ST,Epiroc AB (publ)
ORNBV.HE,Orion Oyj
KEY.TO,Keyera Corp.
ORK.OL,Orkla ASA
2801.T,Kikkoman Corporation
WISE.L,Wise plc
8729.T,nan
MNDY.TA,nan
FSV.TO,FirstService Corporation
GET.PA,Getlink SE
INDT.ST,Indutrade AB (publ)
EMSN.SW,EMS-CHEMIE HOLDING AG
4911.T,"Shiseido Company, Limited"
SECU-B.ST,Securitas AB (publ)
SCHN.SW,Schindler Holding AG
ELI,nan
CTC.A.TO,nan
BARN.SW,Barry Callebaut AG
INDU-A.ST,AB Industrivärden (publ)
DIM.PA,Sartorius Stedim Biotech S.A.
6823.HK,HKT Trust and HKT Limited
INDU-C.ST,AB Industrivärden (publ)
8331.T,"The Chiba Bank, Ltd."
2413.T,"M3, Inc."
SAP.TO,Saputo Inc.
AVOL.SW,Avolta AG
STERV.HE,Stora Enso Oyj
RBI,nan
GJF.OL,Gjensidige Forsikring ASA
SOL.AX,WHSP Holdings Limited
ELISA.HE,Elisa Oyj
ASX.AX,ASX Limited
9CI.SI,CapitaLand Investment Limited
5201.T,AGC Inc.
REC.MI,Recordati Industria Chimica e Farmaceutica S.p.A.
T.TO,TELUS Corporation
8136.T,"Sanrio Company, Ltd."
9107.T,"Kawasaki Kisen Kaisha, Ltd."
EDEN.PA,Edenred SE
TIT.MI,Telecom Italia S.p.A.
TUB,nan
BEIJ-B.ST,Beijer Ref AB (publ)
ANA.MC,"Acciona, S.A."
BMED.MI,Banca Mediolanum S.p.A.
SAGA-B.ST,AB Sagax (publ)
NIBE-B.ST,NIBE Industrier AB (publ)
1878.T,"Daito Trust Construction Co.,Ltd."
6586.T,Makita Corporation
BMW3.DE,Bayerische Motoren Werke Aktiengesellschaft
EMP.A.TO,nan
BIM.PA,bioMérieux S.A.
SW.PA,Sodexo S.A.
IMCD.AS,IMCD N.V.
3003.T,"Hulic Co., Ltd."
AMUN.PA,Amundi S.A.
BZU.MI,Buzzi S.p.A.
6869.T,Sysmex Corporation
MAP.MC,"Mapfre, S.A."
WIX.TA,nan
BOL.PA,Bolloré SE
F34.SI,Wilmar International Limited
LUND-B.ST,L E Lundbergföretagen AB (publ)
CU.TO,Canadian Utilities Limited
IGM.TO,IGM Financial Inc.
RAND.AS,Randstad N.V.
BALD-B.ST,Fastighets AB Balder (publ)
NTGY.MC,"Naturgy Energy Group, S.A."
BKW.SW,BKW AG
JDEP.AS,JDE Peet's N.V.
ICL.TA,ICL Group Ltd
COV.PA,Covivio
CVC.AS,CVC Capital Partners plc
BEPC.TO,Brookfield Renewable Corporation
GFC.PA,Gecina
LATO-B.ST,Investment AB Latour (publ)
CPR.MI,Davide Campari-Milano N.V.
HOLM-B.ST,Holmen AB (publ)
INPST.AS,InPost S.A.
ROCK-B.CO,Rockwool A/S
SALM.OL,SalMar ASA
GRF.MC,"Grifols, S.A."
BCVN.SW,Banque Cantonale Vaudoise
ADP.PA,Aeroports de Paris SA
12.HK,nan
3038.T,"Kobe Bussan Co., Ltd."
2587.T,Suntory Beverage & Food Limited
INW.MI,Infrastrutture Wireless Italiane S.p.A.
NEXI.MI,Nexi S.p.A.
1308.HK,SITC International Holdings Company Limited
4.HK,nan
19.HK,nan
RED.MC,"Redeia Corporación, S.A."
3092.T,"ZOZO, Inc."
BCE.TO,BCE Inc.
2299955D.TO,nan
005930.KS,"Samsung Electronics Co., Ltd."
000660.KS,SK hynix Inc.
RELIANCE.NS,Reliance Industries Limited
0939.HK,China Construction Bank Corporation
2317.TW,"Hon Hai Precision Industry Co., Ltd."
4BRZ,nan
INFY.NS,Infosys Limited
005935.KS,"Samsung Electronics Co., Ltd."
NPN.JO,Naspers Limited
ANG.JO,AngloGold Ashanti plc
GFI.JO,Gold Fields Limited
M&M.NS,Mahindra & Mahindra Limited
005380.KS,Hyundai Motor Company
KFH.KW,Kuwait Finance House K.S.C.P.
1180.SR,The Saudi National Bank
3711.TW,"ASE Technology Holding Co., Ltd."
LT.NS,Larsen & Toubro Limited
012450.KS,"Hanwha Aerospace Co., Ltd."
FSR.JO,FirstRand Limited
IKSA.L,iShares MSCI Saudi Arabia Capped UCITS ETF USD (Acc)
EMAAR.DU,nan
BBCA.JK,PT Bank Central Asia Tbk
2891.TW,"CTBC Financial Holding Co., Ltd."
034020.KS,"Doosan Enerbility Co., Ltd."
2881.TW,"Fubon Financial Holding Co., Ltd."
035420.KS,NAVER Corporation
OTP.BD,OTP Bank Nyrt.
2382.TW,Quanta Computer Inc.
SBK.JO,Standard Bank Group Limited
VAL.JO,Valterra Platinum Limited
055550.KS,"Shinhan Financial Group Co., Ltd."
MARUTI.NS,Maruti Suzuki India Limited
0857.HK,PetroChina Company Limited
000270.KS,Kia Corporation
CPI.JO,Capitec Bank Holdings Limited
HINDUNILVR.NS,Hindustan Unilever Limited
FAB.AD,nan
7010.SR,Saudi Telecom Company
068270.KS,"Celltrion, Inc."
PKO.WA,Powszechna Kasa Oszczednosci Bank Polski Spólka Akcyjna
1211.SR,Saudi Arabian Mining Company (Maaden)
MTN.JO,MTN Group Limited
086790.KS,Hana Financial Group Inc.
EAND.AD,nan
9987.HK,"Yum China Holdings, Inc."
BEL.NS,Bharat Electronics Limited
TITAN.NS,Titan Company Limited
012330.KS,"Hyundai Mobis Co.,Ltd"
1801.HK,"Innovent Biologics, Inc."
WALMEX*.MX,nan
028260.KS,Samsung C&T Corporation
CIMB.KL,nan
2412.TW,"Chunghwa Telecom Co., Ltd."
DELTA.R.BK,nan
MAYBANK.KL,nan
SHFL.NS,nan
EMIRATESNBD.DU,nan
PBBANK.KL,Public Bank Berhad
2886.TW,"Mega Financial Holding Co., Ltd."
IMP.JO,Impala Platinum Holdings Limited
6669.TW,Wiwynn Corporation
2328.HK,PICC Property and Casualty Company Limited
2383.TW,"Elite Material Co., Ltd."
005490.KS,POSCO Holdings Inc.
ETE.AT,National Bank of Greece S.A.
2887.TW,"TS Financial Holding Co., Ltd."
0386.HK,China Petroleum & Chemical Corporation
2885.TW,"Yuanta Financial Holding Co., Ltd."
POWERGRID.NS,Power Grid Corporation of India Limited
0175.HK,Geely Automobile Holdings Limited
2020.HK,ANTA Sports Products Limited
HINDALCO.NS,Hindalco Industries Limited
010140.KS,"Samsung Heavy Industries Co., Ltd."
042660.KS,"Hanwha Ocean Co., Ltd."
WEGE3.SA,WEG S.A.
2327.TW,Yageo Corporation
ADCB.AD,nan
HAR.JO,Harmony Gold Mining Company Limited
9633.HK,"Nongfu Spring Co., Ltd."
009540.KS,"HD Korea Shipbuilding & Offshore Engineering Co., Ltd."
ABG.JO,Absa Group Limited
035720.KS,Kakao Corp.
KGH.WA,KGHM Polska Miedz S.A.
2890.TW,SinoPac Financial Holdings Company Limited
2423.HK,KE Holdings Inc.
1109.HK,China Resources Land Limited
EMBJ3.SA,Embraer S.A.
064350.KS,Hyundai Rotem Company
SSW.JO,Sibanye Stillwater Limited
1216.TW,Uni-President Enterprises Corp.
ICT.PS,nan
006400.KS,"Samsung SDI Co., Ltd."
2010.SR,Saudi Basic Industries Corporation
ITC.NS,ITC Limited
PEO.WA,Bank Polska Kasa Opieki S.A.
SQM.B.SN,nan
2892.TW,"First Financial Holding Co., Ltd."
SLM.JO,Sanlam Limited
EUROB.AT,Eurobank S.A.
BPAC11.SA,Banco BTG Pactual S.A.
2344.TW,Winbond Electronics Corporation
TLKM.JK,Perusahaan Perseroan (Persero) PT Telekomunikasi Indonesia Tbk
009150.KS,"Samsung Electro-Mechanics Co., Ltd."
2360.TW,Chroma ATE Inc.
2015.HK,Li Auto Inc.
051910.KS,"LG Chem, Ltd."
ALPHA.AT,Alpha Bank S.A.
3993.HK,CMOC Group Limited
HAL.NS,Hindustan Aeronautics Limited
INDIGO.NS,InterGlobe Aviation Limited
PE&OLES*.MX,nan
000810.KS,"Samsung Fire & Marine Insurance Co., Ltd."
AXIA3.SA,AXIA Energia SA
1303.TW,Nan Ya Plastics Corporation
ALDAR.AD,nan
2449.TW,"King Yuan Electronics Co., Ltd."
ADVANC.R.BK,nan
TMCV.NS,nan
TENAGA.KL,nan
2880.TW,"Hua Nan Financial Holdings Co., Ltd."
1010.SR,Riyad Bank
1177.HK,Sino Biopharmaceutical Limited
CHILE.SN,Banco de Chile
PTT.R.BK,nan
033780.KS,KT&G Corporation
LTM.SN,LATAM Airlines Group S.A.
2883.TW,"KGI Financial Holding Co., Ltd."
2408.TW,Nanya Technology Corporation
0992.HK,Lenovo Group Limited
ADIB.AD,nan
015760.KS,Korea Electric Power Corporation
032830.KS,"Samsung Life Insurance Co., Ltd."
2057.HK,ZTO Express (Cayman) Inc.
5880.TW,"Taiwan Cooperative Financial Holding Co., Ltd."
ASELS.E.IS,nan
2379.TW,Realtek Semiconductor Corp.
PFCIBEST,nan
BID.JO,Bid Corporation Limited
8299.TWO,Phison Electronics Corp.
TATACONSUM.NS,Tata Consumer Products Limited
SHP.JO,Shoprite Holdings Ltd
047810.KS,"Korea Aerospace Industries, Ltd."
TRENT.NS,Trent Limited
HEROMOTOCO.NS,Hero MotoCorp Limited
TMPV.NS,Tata Motors Passenger Vehicles Limited
ETERNAL.NS,Eternal Limited
1818.HK,Zhaojin Mining Industry Company Limited
NPH.JO,Northam Platinum Holdings Limited
6690.HK,"Haier Smart Home Co., Ltd."
DIB.DU,nan
1150.SR,Alinma Bank
9660.HK,Horizon Robotics
0998.HK,China CITIC Bank Corporation Limited
1060.SR,Saudi Awwal Bank
3008.TW,"Largan Precision Co., Ltd."
NED.JO,Nedbank Group Limited
CPALL.R.BK,nan
AOT.R.BK,nan
DSY.JO,Discovery Limited
298040.KS,Hyosung Heavy Industries Corporation
BAJAJ.AUTO.NS,nan
3665.TW,BizLink Holding Inc.
PMETAL.KL,nan
2002.TW,China Steel Corporation
BRITANNIA.NS,Britannia Industries Limited
EQTL3.SA,Equatorial S.A.
3653.TW,"Jentech Precision Industrial Co., Ltd"
034730.KS,SK Inc.
BDMS.R.BK,nan
WIPRO.NS,Wipro Limited
2603.TW,Evergreen Marine Corporation (Taiwan) Ltd.
5274.TWO,ASPEED Technology Inc.
BIMAS.E.IS,nan
0788.HK,China Tower Corporation Limited
GULF.R.BK,nan
0688.HK,China Overseas Land & Investment Limited
RENT3.SA,Localiza Rent a Car S.A.
1530.HK,3SBio Inc.
2368.TW,Gold Circuit Electronics Ltd.
086520.KQ,"Ecopro Co., Ltd."
2020.SR,SABIC Agri-Nutrients Company
DSSA.JK,PT Dian Swastatika Sentosa Tbk
066570.KS,LG Electronics Inc.
3045.TW,"Taiwan Mobile Co., Ltd."
005387.KS,Hyundai Motor Company
086280.KS,"Hyundai Glovis Co., Ltd."
COFORGE.NS,Coforge Limited
0358.HK,Jiangxi Copper Company Limited
BCI.SN,Banco de Crédito e Inversiones
AC*.MX,nan
SPL.WA,Santander Bank Polska S.A.
PFC.NS,Power Finance Corporation Limited
DNP.WA,Dino Polska S.A.
VOD.JO,Vodacom Group Limited
1658.HK,"Postal Savings Bank of China Co., Ltd."
6223.TWO,MPI Corporation
0267.HK,CITIC Limited
BDO.PS,nan
PPH.JO,Pepkor Holdings Limited
MUTHOOTFIN.NS,Muthoot Finance Limited
GAMUDA.KL,Gamuda Berhad
REM.JO,Remgro Limited
042700.KS,"HANMI Semiconductor Co., Ltd."
3293.TWO,"International Games System Co.,Ltd."
DLF.NS,DLF Limited
6030.HK,CITIC Securities Company Limited
3750.HK,"Contemporary Amperex Technology Co., Limited"
RNI.JO,Reinet Investments S.C.A.
2059.TW,"King Slide Works Co., Ltd."
0291.HK,China Resources Beer (Holdings) Company Limited
CIBEST,nan
PAYTM.NS,One97 Communications Limited
FORTIS.NS,Fortis Healthcare Limited
SWIGGY.NS,nan
AKBNK.E.IS,nan
1301.TW,Formosa Plastics Corporation
4013.SR,Dr. Sulaiman Al Habib Medical Services Group Company
ALE.WA,Allegro.eu S.A.
ADNOCGAS.AD,nan
9698.HK,GDS Holdings Limited
1050.SR,Banque Saudi Fransi
NAUKRI.NS,Info Edge (India) Limited
003550.KS,LG Corp.
RDOR3.SA,Rede D'Or São Luiz S.A.
010120.KS,"LS ELECTRIC Co., Ltd."
2404.TW,"United Integrated Services Co., Ltd."
5871.TW,Chailease Holding Company Limited
NRP.JO,NEPI Rockcastle N.V.
0268.HK,Kingdee International Software Group Company Limited
CENCOSUD.SN,Cencosud S.A.
1919.HK,"COSCO SHIPPING Holdings Co., Ltd."
071050.KS,"Korea Investment Holdings Co., Ltd."
1101.TW,"TCC Group Holdings Co., Ltd."
MBK.WA,mBank S.A.
BSE.NS,BSE Limited
CLS.JO,Clicks Group Limited
LTIM.NS,LTIMindtree Ltd
MFSL.NS,Max Financial Services Limited
JBS,JBS N.V.
FEDERALBNK.NS,The Federal Bank Limited
GGBR4.SA,Gerdau S.A.
2099.HK,China Gold International Resources Corp. Ltd.
6239.TW,Powertech Technology Inc.
PPC.AT,Public Power Corporation S.A.
2207.TW,"Hotai Motor Co.,Ltd."
6881.HK,"China Galaxy Securities Co., Ltd."
000100.KS,Yuhan Corporation
3481.TW,Innolux Corporation
BREN.JK,PT Barito Renewables Energy Tbk
2395.TW,"Advantech Co., Ltd."
1080.SR,Arab National Bank
SCC.R.BK,nan
CDR.WA,CD Projekt S.A.
BVT.JO,The Bidvest Group Limited
PTTEP.R.BK,nan
BAAKOMB.PR,nan
6919.TW,nan
ADNOCDRILL.AD,nan
298380.KQ,ABL Bio Inc.
2912.TW,President Chain Store Corporation
0836.HK,China Resources Power Holdings Company Limited
COMI.CA,Commercial International Bank Egypt (CIB) S.A.E.
SRF.NS,SRF Limited
ACP.WA,Asseco Poland S.A.
7203.SR,Elm Company
1140.SR,Bank Albilad
3044.TW,Tripod Technology Corporation
VIVT3.SA,Telefônica Brasil S.A.
002594.SZ,BYD Company Limited
087010.KQ,"Peptron, Inc."
BPI.PS,nan
018260.KS,"Samsung SDS Co., Ltd."
LAURUSLABS.NS,Laurus Labs Limited
003670.KS,"Posco Future M Co., Ltd."
EMBASSY.NS,Embassy Office Parks REIT
GAIL.NS,GAIL (India) Limited
6770.TW,Powerchip Semiconductor Manufacturing Corp.
TUPRS.E.IS,nan
096770.KS,"SK Innovation Co., Ltd."
OPAP.AT,OPAP Holding SA
0300.HK,"Midea Group Co., Ltd."
UPL.NS,UPL Limited
IHH.KL,nan
RICHTER.BD,Gedeon Richter PLC
DEWA.DU,nan
007660.KS,"ISU Petasys Co., Ltd."
2801.TW,"Chang Hwa Commercial Bank, Ltd."
TBS.JO,Tiger Brands Limited
3908.HK,China International Capital Corporation Limited
005830.KS,"DB Insurance Co., Ltd."
GVT&D.NS,GE Vernova T&D India Limited
2018.HK,AAC Technologies Holdings Inc.
0241.HK,Alibaba Health Information Technology Limited
1590.TW,Airtac International Group
2259.HK,Zijin Gold International Company Limited
079550.KS,"LIG Defense&Aerospace Co., Ltd."
000720.KS,"Hyundai Engineering & Construction Co.,Ltd."
OMAB.MX,"Grupo Aeroportuario del Centro Norte, S.A.B. de C.V."
SOL.JO,Sasol Limited
0966.HK,China Taiping Insurance Holdings Company Limited
028300.KQ,"HLB Co., Ltd."
AMBANK.KL,nan
MOL.BD,MOL Magyar Olaj- és Gázipari Nyilvánosan Muködo Részvénytársaság
EMAARDEV.DU,nan
2474.TW,"Catcher Technology Co., Ltd."
0136.HK,China Ruyi Holdings Limited
272210.KS,"Hanwha Systems Co., Ltd."
HLBANK.KL,nan
AIRARABIA.DU,nan
PETGAS.KL,nan
THYAO.E.IS,nan
AUROPHARMA.NS,Aurobindo Pharma Limited
006800.KS,"Mirae Asset Securities Co., Ltd."
278470.KS,"APR Co., Ltd."
017670.KS,"SK Telecom Co., Ltd."
0914.HK,Anhui Conch Cement Company Limited
SMPH.PS,nan
2611.HK,"Guotai Haitong Securities Co., Ltd."
SCB.R.BK,nan
6139.TW,"L&K Engineering Co., Ltd."
NYKAA.NS,FSN E-Commerce Ventures Limited
CPN.R.BK,nan
ZAIN.KW,Mobile Telecommunications Company K.S.C.P.
WHL.JO,Woolworths Holdings Limited
NATIONALUM.NS,National Aluminium Company Limited
KLRHO.E.IS,nan
HYUNDAI.NS,nan
MIL.WA,Bank Millennium S.A.
005385.KS,Hyundai Motor Company
0135.HK,Kunlun Energy Company Limited
6488.TWO,"GlobalWafers Co., Ltd."
GRT.JO,Growthpoint Properties Limited
0168.HK,Tsingtao Brewery Company Limited
2834.TW,"Taiwan Business Bank, Ltd."
MARK.QA,AlRayan Bank Q.P.S.C.
002475.SZ,"Luxshare Precision Industry Co., Ltd."
TRUE.R.BK,nan
SBID.L,State Bank of India
0285.HK,BYD Electronic (International) Company Limited
1326.TW,Formosa Chemicals & Fibre Corporation
011200.KS,"HMM Co.,Ltd"
1519.HK,J&T Global Express Limited
016360.KS,"Samsung Securities Co.,Ltd."
ALR.WA,Alior Bank S.A.
2313.TW,"Compeq Manufacturing Co., Ltd."
0780.HK,Tongcheng Travel Holdings Limited
2337.TW,"Macronix International Co., Ltd."
5347.TWO,Vanguard International Semiconductor Corporation
000150.KS,Doosan Corporation
FAB.AE,nan
EAND.AE,nan
ADCB.AE,nan
ALDAR.AE,nan
ADIB.AE,nan
DIB.AE,Dubai Islamic Bank P.J.S.C.
ADNOCGAS.AE,nan
ADNOCDRILL.AE,nan
DEWA.AE,Dubai Electricity and Water Authority (PJSC)
AIRARABIA.AE,Air Arabia PJSC
1605.TW,Walsin Lihwa Corporation
OUT.JO,OUTsurance Group Limited
TITC.AT,Titan S.A.
6274.TWO,Taiwan Union Technology Corporation
024110.KS,Industrial Bank of Korea
6990.HK,"Sichuan Kelun-Biotech Biopharmaceutical Co., Ltd."
534091.BO,Multi Commodity Exchange of India Limited
000858.SZ,"Wuliangye Yibin Co.,Ltd."
TPE.WA,TAURON Polska Energia S.A.
PINFRA*.MX,nan
STNE,StoneCo Ltd.
KCHOL.E.IS,nan
6886.HK,"Huatai Securities Co., Ltd."
PTRO.JK,PT Petrosea Tbk
GENTERA*.MX,nan
003230.KS,"Samyang Foods Co., Ltd."
SIGMAFA.MX,"Sigma Foods, S.A.B. de C.V."
1357.HK,"Meitu, Inc."
2609.TW,Yang Ming Marine Transport Corporation
039490.KS,"Kiwoom Securities Co., Ltd."
307950.KS,Hyundai Autoever Corporation
532483.BO,Canara Bank
AXIA7.SA,AXIA Energia SA
1766.HK,CRRC Corporation Limited
BHEL.NS,Bharat Heavy Electricals Limited
COROMANDEL.NS,Coromandel International Limited
SWB.KL,nan
KTB.R.BK,nan
MTM.JO,Momentum Group Limited
ABB.NS,ABB India Limited
603993.SS,CMOC Group Limited
3706.TW,MiTAC Holdings Corporation
MONET.PR,"MONETA Money Bank, a.s."
021240.KS,"COWAY Co., Ltd."
ADNOCDIST.AE,nan
1504.TW,"TECO Electric & Machinery Co., Ltd."
KEI.NS,KEI Industries Limited
BRMS.JK,PT Bumi Resources Minerals Tbk
BFT.WA,Benefit Systems S.A.
2409.TW,AUO Corporation
TIMS3.SA,TIM S.A.
0322.HK,Tingyi (Cayman Islands) Holding Corp.
PRESTIGE.NS,Prestige Estates Projects Limited
2618.TW,EVA Airways Corp.
0151.HK,Want Want China Holdings Limited
KBANK.R.BK,nan
ISCTR.E.IS,nan
IDEA.NS,Vodafone Idea Limited
ENEV3.SA,Eneva S.A.
3036.TW,"WT Microelectronics Co., Ltd."
QNNS.QA,Qatar Navigation Q.P.S.C.
0270.HK,Guangdong Investment Limited
ORDS.QA,Ooredoo Q.P.S.C.
KRU.WA,KRUK Spólka Akcyjna
5110.SR,Saudi Energy Company
0384.HK,China Gas Holdings Limited
3260.TWO,"ADATA Technology Co., Ltd."
YKBNK.E.IS,nan
APN.JO,Aspen Pharmacare Holdings Limited
0867.HK,China Medical System Holdings Limited
SDG.KL,nan
2268.HK,WuXi XDC Cayman Inc.
CDB.KL,nan
AXIA6.SA,AXIA Energia SA
SALIK.AE,Salik Company P.J.S.C.
006260.KS,LS Corp.
ALI.PS,nan
3529.TWO,eMemory Technology Inc.
VMM.NS,nan
1164.HK,CGN Mining Company Limited
SIEMENS.NS,Siemens Limited
MRP.JO,Mr Price Group Limited
2POINTZERO.AE,nan
0425.HK,Minth Group Limited
CUAN.JK,PT Petrindo Jaya Kreasi Tbk
IOICORP.KL,IOI Corporation Berhad
BH.R.BK,nan
0763.HK,ZTE Corporation
000250.KQ,"Sam Chun Dang Pharm. Co., Ltd"
POWERINDIA.NS,Hitachi Energy India Limited
141080.KQ,LigaChem Biosciences Inc.
RHBBANK.KL,nan
BLUESTARCO.NS,Blue Star Limited
0902.HK,"Huaneng Power International, Inc."
MOTV3.SA,Motiva Infraestrutura de Mobilidade S.A.
2812.TW,"Taichung Commercial Bank Co., Ltd."
003490.KS,"Korean Airlines Co.,Ltd."
028050.KS,"Samsung E&A Co., Ltd."
QIIK.QA,Qatar International Islamic Bank (Q.P.S.C)
VESTA*.MX,nan
3800.HK,GCL Technology Holdings Limited
8210.SR,Bupa Arabia for Cooperative Insurance Company
LTOD.L,Larsen & Toubro Limited
138930.KS,BNK Financial Group Inc.
MISC.KL,nan
TCELL.E.IS,nan
011070.KS,"LG Innotek Co., Ltd."
WARBABANK.KW,Warba Bank K.S.C.P.
9880.HK,Ubtech Robotics Corp Ltd
ALOS3.SA,Allos S.A.
3264.TWO,Ardentec Corporation
CPF.R.BK,nan
SM.PS,nan
277810.KQ,"Rainbow Robotics Co.,Ltd."
RADICO.NS,Radico Khaitan Limited
M&MFIN.NS,Mahindra & Mahindra Financial Services Limited
2228.HK,XtalPi Holdings Limited
DIC.AE,Dubai Investments PJSC
YTLPOWR.KL,YTL Power International Berhad
090430.KS,Amorepacific Corporation
034220.KS,"LG Display Co., Ltd."
PETRONET.NS,Petronet LNG Limited
0916.HK,China Longyuan Power Group Corporation Limited
BDX.WA,Budimex SA
GBK.KW,Gulf Bank K.S.C.P.
WAAREEENER.NS,nan
MER.PS,nan
CENER.AT,Cenergy Holdings SA
UNOMINDA.NS,Uno Minda Limited
2347.TW,Synnex Technology International Corporation
1133.HK,Harbin Electric Company Limited
2385.TW,"Chicony Electronics Co., Ltd."
002714.SZ,"Muyuan Foods Co., Ltd."
LTF.NS,L&T Finance Limited
IPCALAB.NS,Ipca Laboratories Limited
082740.KS,"Hanwha Engine Co., Ltd."
0144.HK,China Merchants Port Holdings Company Limited
1402.TW,Far Eastern New Century Corporation
3323.HK,China National Building Material Company Limited
0489.HK,DONGFENG GROUP
1102.TW,Asia Cement Corporation
128940.KS,"Hanmi Pharm. Co., Ltd."
INL.JO,Investec Group
LREN3.SA,Lojas Renner S.A.
300476.SZ,"Victory Giant Technology (HuiZhou) Co.,Ltd"
010950.KS,S-Oil Corporation
BUMI.JK,PT Bumi Resources Tbk
MAXIS.KL,nan
108490.KQ,"ROBOTIS Co., Ltd."
PGE.WA,PGE Polska Grupa Energetyczna S.A.
0148.HK,Kingboard Holdings Limited
PIRAMALFIN.NS,Piramal Finance Limited
5483.TWO,Sino-American Silicon Products Inc.
ENRIN.NS,Siemens Energy India Limited
000333.SZ,"Midea Group Co., Ltd."
0257.HK,China Everbright Environment Group Limited
2400.HK,XD Inc.
JKCEMENT.NS,J.K. Cement Limited
KPITTECH.NS,KPIT Technologies Limited
DELHIVERY.NS,Delhivery Limited
3324.TWO,"Auras Technology Co., Ltd."
RDF.JO,Redefine Properties Limited
036570.KS,NC Corporation
MINT.R.BK,nan
1833.HK,Ping An Healthcare and Technology Company Limited
OIL.NS,Oil India Limited
039030.KQ,"EO Technics Co., Ltd."
HTO.AT,Hellenic Telecommunications Organization S.A.
214450.KQ,"PharmaResearch Co., Ltd."
5536.TWO,Acter Group Corporation Limited
TM.KL,nan
002371.SZ,"NAURA Technology Group Co., Ltd."
NESTLE.KL,nan
6181.HK,"Laopu Gold Co., Ltd."
FILM.JK,PT.MD Entertainment Tbk
0960.HK,Longfor Group Holdings Limited
QFLS.QA,"Qatar Fuel Company Q.P.S.C. (""WOQOD"")"
QEWS.QA,Nebras Energy Q.P.S.C.
GEKTERNA.AT,Gek Terna S.A.
1258.HK,China Nonferrous Mining Corporation Limited
AIAENG.NS,AIA Engineering Limited
MBRF3.SA,MBRF Global Foods Company S.A.
NAVINFLUOR.NS,Navin Fluorine International Limited
MBT.PS,nan
KLK.KL,nan
6515.TW,"WinWay Technology Co., Ltd."
CHOLAHLDNG.NS,Cholamandalam Financial Holdings Limited
301308.SZ,"Shenzhen Longsys Electronics Co., Ltd."
CPIN.JK,PT Charoen Pokphand Indonesia Tbk
058470.KQ,LEENO Industrial Inc.
ADNOCLS.AE,nan
310210.KQ,"Voronoi, Inc."
UTDPLT.KL,nan
6060.HK,"ZhongAn Online P & C Insurance Co., Ltd."
ANDINA.B.SN,nan
1030.SR,The Saudi Investment Bank
AVI.JO,AVI Limited
2588.HK,BOC Aviation Limited
AC.PS,nan
PNBHOUSING.NS,PNB Housing Finance Limited
4749.TWO,Advanced Echem Materials Company Limited
032640.KS,LG Uplus Corp.
SAHOL.E.IS,nan
INTR,"Inter & Co, Inc."
1044.HK,Hengan International Group Company Limited
KTY.WA,Grupa Kety S.A.
0390.HK,China Railway Group Limited
600673.SS,"Guangdong HEC Technology Holding Co., Ltd"
YTL.KL,nan
0316.HK,Orient Overseas (International) Limited
1476.TW,"Eclat Textile Co., Ltd."
9899.HK,NetEase Cloud Music Inc.
3360.HK,Far East Horizon Limited
0968.HK,Xinyi Solar Holdings Limited
CCC.WA,nan
002517.SZ,"Kingnet Network Co., Ltd."
ANTM.JK,PT Aneka Tambang Tbk
PARAUCO.SN,Parque Arauco S.A.
3998.HK,Bosideng International Holdings Limited
360ONE.NS,360 One Wam Limited
4190.SR,Jarir Marketing Company
CDSL.NS,Central Depository Services (India) Limited
BBAJIOO.MX,"Banco del Bajío, S.A., Institución de Banca Múltiple"
PCHEM.KL,nan
8046.TW,Nan Ya Printed Circuit Board Corporation
1477.TW,"Makalot Industrial Co., Ltd."
2615.TW,Wan Hai Lines Ltd.
OPL.WA,Orange Polska S.A.
2027.TW,"Ta Chen Stainless Pipe Co., Ltd."
MOH.AT,Motor Oil (Hellas) Corinth Refineries S.A.
002653.SZ,"Haisco Pharmaceutical Group Co., Ltd."
600183.SS,"Shengyi Technology Co.,Ltd."
009830.KS,Hanwha Solutions Corporation
APOLLOTYRE.NS,Apollo Tyres Limited
TEL.PS,nan
LICHSGFIN.NS,LIC Housing Finance Limited
4250.SR,Jabal Omar Development Company
066970.KS,nan
PPB.KL,nan
IFS,Intercorp Financial Services Inc.
0392.HK,Beijing Enterprises Holdings Limited
BIOCON.NS,Biocon Limited
000001.SZ,"Ping An Bank Co., Ltd."
6121.TWO,"Simplo Technology Co., Ltd."
1020.SR,AlJazira Bank
HINDCOPPER.NS,Hindustan Copper Limited
NIND.KW,National Industries Group Holding - KPSC
CAMS.NS,Computer Age Management Services Limited
0586.HK,China Conch Venture Holdings Limited
1303.SR,Electrical Industries Company
078930.KS,GS Holdings Corp.
REDINGTON.NS,Redington Limited
6186.HK,China Feihe Limited
CROMPTON.NS,Crompton Greaves Consumer Electricals Limited
MTELEKOM.BD,nan
JOYY,JOYY Inc.
RES.JO,Resilient REIT Limited
TFG.JO,The Foschini Group Limited
6855.HK,Ascentage Pharma Group International
INDF.JK,PT Indofood Sukses Makmur Tbk
0772.HK,China Literature Limited
2542.TW,Highwealth Construction Corp.
1229.TW,Lien Hwa Industrial Holdings Corporation
EXIDEIND.NS,Exide Industries Limited
8464.TW,"Nien Made Enterprise Co., LTD."
PAGS,PagSeguro Digital Ltd.
MANAPPURAM.NS,Manappuram Finance Limited
004020.KS,Hyundai Steel Company
AXIATA.KL,Axiata Group Berhad
2610.TW,"China Airlines, Ltd."
Q*.MX,nan
140410.KQ,"Mezzion Pharma Co.,Ltd."
1111.SR,Saudi Tadawul Group Holding Company
CSMG3.SA,Companhia de Saneamento de Minas Gerais
047050.KS,Posco International Corporation
QL.KL,nan
EXX.JO,Exxaro Resources Limited
9995.HK,"RemeGen Co., Ltd."
6805.TW,Fositek Corp.
001040.KS,CJ Corporation
000990.KS,"DB HiTek CO., LTD."
CMPC.SN,Empresas CMPC S.A.
EREGL.E.IS,nan
0546.HK,Fufeng Group Limited
0177.HK,Jiangsu Expressway Company Limited
INKP.JK,PT Indah Kiat Pulp & Paper Tbk
GOAU4.SA,Metalurgica Gerdau S.A.
JFC.PS,nan
RA.MX,Regional S.A.B. de C.V.
017800.KS,"Hyundai Elevator Co., Ltd"
3330.HK,Lingbao Gold Group Company Ltd.
005940.KS,"NH Investment & Securities Co., Ltd."
KIMS.NS,Krishna Institute of Medical Sciences Limited
6098.HK,Country Garden Services Holdings Company Limited
SNT.JO,Santam Ltd
ALSEA*.MX,nan
AIIL.NS,Authum Investment & Infrastructure Limited
0354.HK,Chinasoft International Limited
DIALOG.KL,nan
TIMECOM.KL,nan
FROTO.E.IS,nan
4200.SR,Aldrees Petroleum and Transport Services Company
ITAUCL.SN,Banco Itaú Chile
002558.SZ,"Giant Network Group Co., Ltd."
DSTKF.E.IS,nan
3380.TW,Alpha Networks Inc.
NH.NS,Narayana Hrudayalaya Limited
0165.HK,China Everbright Limited
601456.SS,"Guolian Minsheng Securities Co., Ltd."
4966.TWO,"Parade Technologies, Ltd."
175330.KS,"JB Financial Group Co., Ltd."
051900.KS,"LG H&H Co., Ltd."
2105.TW,"Cheng Shin Rubber Ind. Co., Ltd."
226950.KQ,"OliX Pharmaceuticals, Inc"
APARINDS.NS,APAR Industries Limited
TAVHL.E.IS,nan
COGN3.SA,Cogna Educação S.A.
111770.KS,Youngone Corporation
2354.TW,"Foxconn Technology Co., Ltd."
139130.KS,"iM Financial Group Co., Ltd."
ENA.WA,ENEA S.A.
2889.TW,"IBF Financial Holdings Co., Ltd."
DRD.JO,DRDGOLD Limited
1772.HK,"Ganfeng Lithium Group Co., Ltd."
2290.SR,Yanbu National Petrochemical Company
2451.TW,"Transcend Information, Inc."
KARURVYSYA.NS,The Karur Vysya Bank Limited
5289.TWO,Innodisk Corporation
2049.TW,Hiwin Technologies Corporation
8996.TW,"Kaori Heat Treatment Co., Ltd."
TAEE11.SA,Transmissora Aliança de Energia Elétrica S.A.
1888.HK,Kingboard Laminates Holdings Limited
ENGI11.SA,Energisa S.A.
000063.SZ,ZTE Corporation
240810.KQ,"Wonik IPS Co., Ltd."
1212.SR,Astra Industrial Group Company
DQ,Daqo New Energy Corp.
MULT3.SA,Multiplan Empreendimentos Imobiliários S.A.
5434.TW,"Topco Scientific Co.,Ltd."
2633.TW,Taiwan High Speed Rail Corporation
ASAI3.SA,Sendas Distribuidora S.A.
MOTILALOFS.NS,Motilal Oswal Financial Services Limited
PTTGC.R.BK,nan
BRES.QA,Barwa Real Estate Company Q.P.S.C.
0013.HK,HUTCHMED (China) Limited
1795.TW,"Lotus Pharmaceutical Co., Ltd."
3105.TWO,WIN Semiconductors Corp.
2380.HK,China Power International Development Limited
601919.SS,"COSCO SHIPPING Holdings Co., Ltd."
002352.SZ,"S.F. Holding Co., Ltd."
SAPR11.SA,Companhia de Saneamento do Paraná - SANEPAR
3211.TWO,Dynapack International Technology Corporation
002142.SZ,"Bank of Ningbo Co., Ltd."
601600.SS,Aluminum Corporation of China Limited
ARI.JO,African Rainbow Minerals Limited
FIBRAMQ12.MX,FIBRA Macquarie México
011790.KS,"SKC Co., Ltd."
PASEU.E.IS,nan
MDKA.JK,PT Merdeka Copper Gold Tbk
TTB.R.BK,nan
HYPE3.SA,Hypera S.A.
JBCHEPHARM.NS,J. B. Chemicals & Pharmaceuticals Limited
GGPS3.SA,GPS Participações e Empreendimentos S.A.
3896.HK,Kingsoft Cloud Holdings Limited
GENTING.KL,nan
014680.KS,"Hansol Chemical Co., Ltd."
001440.KS,"Taihan Cable & Solution Co., Ltd."
PCO.WA,Pepco Group N.V.
GRUPOARGOS,nan
VFQS.QA,Vodafone Qatar P.Q.S.C.
8112.TW,"Supreme Electronics Co., Ltd."
000792.SZ,"Qinghai Salt Lake Industry Co.,Ltd"
CPLE3.SA,Companhia Paranaense de Energia - COPEL
BRIGADE.NS,Brigade Enterprises Limited
OPTIMA.AT,Optima bank S.A.
VKE.JO,Vukile Property Fund Limited
601100.SS,"Jiangsu Hengli Hydraulic Co.,Ltd"
SUNREIT.KL,Sunway Real Estate Investment Trust
TRU.JO,Truworths International Limited
TOP.R.BK,nan
FFB.JO,Fortress Real Estate Investments Limited
2357.HK,AviChina Industry & Technology Company Limited
2799.HK,"China CITIC Financial Asset Management Co., Ltd."
2386.HK,"SINOPEC Engineering (Group) Co., Ltd."
000568.SZ,"Luzhou Laojiao Co.,Ltd"
RAMCOCEM.NS,The Ramco Cements Limited
IJM.KL,IJM Corporation Berhad
4100.SR,Makkah Construction and Development Company
DTC.JO,Datatec Limited
3MINDIA.NS,3M India Limited
0656.HK,Fosun International Limited
VNET,"VNET Group, Inc."
9956.HK,nan
2689.HK,Nine Dragons Paper (Holdings) Limited
071970.KS,"HD-Hyundai Marine Engine Co., Ltd."
0666.HK,"REPT BATTERO Energy Co., Ltd."
COLBUN.SN,Colbún S.A.
RIGD.L,Reliance Industries Limited
1513.TW,Chung-Hsin Electric and Machinery Manufacturing Corp.
2006.TW,Tung Ho Steel Enterprise Corporation
TLEVISACPO.MX,"Grupo Televisa, S.A.B."
AMBER.NS,Amber Enterprises India Limited
081660.KS,Misto Holdings Corp.
443060.KS,nan
035900.KQ,JYP Entertainment Corporation
MSUMI.NS,Motherson Sumi Wiring India Limited
6176.TW,Radiant Opto-Electronics Corporation
ABK.KW,Al Ahli Bank of Kuwait K.S.C.P.
AJANTPHARM.NS,Ajanta Pharma Limited
454910.KS,Doosan Robotics Inc.
ENRG.JK,PT Energi Mega Persada Tbk
PFGRUPSURA,nan
GESHIP.NS,The Great Eastern Shipping Company Limited
ANANDRATHI.NS,Anand Rathi Wealth Limited
AGILITY.AE,nan
6781.TW,"Advanced Energy Solution Holding Co., Ltd."
SIME.KL,nan
600660.SS,"Fuyao Glass Industry Group Co., Ltd."
7202.SR,Arabian Internet and Communication Services Company
CYRE3.SA,Cyrela Brazil Realty S.A. Empreendimentos e Participações
JGS.PS,nan
6005.TW,Capital Securities Corporation
3618.HK,"Chongqing Rural Commercial Bank Co., Ltd."
ASTOR.E.IS,nan
CESC.NS,CESC Limited
KPIL.NS,Kalpataru Projects International Limited
RBLBANK.NS,RBL Bank Limited
1717.TW,"Eternal Materials Co., Ltd."
000776.SZ,"GF Securities Co., Ltd."
2381.SR,Arabian Drilling Company
PGAS.JK,PT Perusahaan Gas Negara Tbk
2256.HK,Abbisko Cayman Limited
2310.SR,Sahara International Petrochemical Company
2382.SR,ADES Holding Company
IGRD.QA,Estithmar Holding Q.P.S.C.
ABMB.KL,nan
NBCC.NS,NBCC (India) Limited
000725.SZ,BOE Technology Group Company Limited
1908.HK,C&D International Investment Group Limited
INARI.KL,nan
NAM.INDIA.NS,nan
QAMC.QA,Qatar Aluminium Manufacturing Company Q.P.S.C.
204320.KS,HL Mando Corporation
011780.KS,"Kumho Petro Chemical Co.,Ltd"
6944.TW,Mega Union Technology Inc.
HMPRO.R.BK,nan
2015.TW,"Feng Hsin Steel Co., Ltd."
MTH.JO,Motus Holdings Limited
4772.TWO,Taiwan Speciality Chemicals Corporation
0576.HK,"Zhejiang Expressway Co., Ltd."
347850.KQ,nan
012510.KS,"Douzone Bizon Co., Ltd."
1114.HK,Brilliance China Automotive Holdings Limited
MEDANTA.NS,Global Health Limited
000425.SZ,"XCMG Construction Machinery Co., Ltd."
AWL.NS,AWL Agri Business Limited
IGL.NS,Indraprastha Gas Limited
PETDAG.KL,nan
0371.HK,Beijing Enterprises Water Group Limited
3131.TWO,Grand Process Technology Corporation
ATAT,Atour Lifestyle Holdings Limited
0552.HK,China Communications Services Corporation Limited
BANPU.R.BK,nan
002837.SZ,"Shenzhen Envicool Technology Co., Ltd."
MRDIY.KL,nan
ITCHOTELS.NS,nan
004170.KS,SHINSEGAE Inc.
002625.SZ,"Kuang-Chi Technologies Co., Ltd."
5269.TW,ASMedia Technology Inc.
BEM.R.BK,nan
MGROS.E.IS,nan
SISE.E.IS,nan
TIMKEN.NS,Timken India Limited
000408.SZ,Zangge Mining Company Limited
AGUAS.A.SN,nan
0631.HK,Sany Heavy Equipment International Holdings Company Limited
002230.SZ,"iFLYTEK CO.,LTD"
ALTIJARIA.KW,Commercial Real Estate Company K.P.S.C.
3005.TW,Getac Holdings Corporation
9969.HK,InnoCare Pharma Limited
AFCONS.NS,nan
IKS.NS,nan
KRE.KW,Kuwait Real Estate Company K.P.S.C.
1952.HK,Everest Medicines Limited
002380.KS,KCC Corporation
603986.SS,GigaDevice Semiconductor Inc.
6191.TW,Global Brands Manufacture Ltd.
300803.SZ,"Beijing Compass Technology Development Co., Ltd."
6257.TW,Sigurd Microelectronics Corporation
TERA.E.IS,nan
FLUOROCHEM.NS,Gujarat Fluorochemicals Limited
6282.TW,AcBel Polytech Inc.
AUGO,Aura Minerals Inc.
IIFL.NS,IIFL Finance Limited
103590.KS,"Iljin Electric Co.,Ltd"
2845.TW,Far Eastern International Bank Ltd.
SAILIFE.NS,nan
0696.HK,TravelSky Technology Limited
1810.SR,Seera Holding Group
0512.HK,Grand Pharmaceutical Group Limited
1210.TW,"Great Wall Enterprise Co., Ltd."
MALLPLAZA.SN,Plaza S.A.
ENDURANCE.NS,Endurance Technologies Limited
8150.TW,ChipMOS TECHNOLOGIES INC.
TKG.JO,Telkom SA SOC Ltd
1070.HK,TCL Electronics Holdings Limited
XTB.WA,XTB S.A.
145020.KQ,"Hugel, Inc."
GCC*.MX,nan
TRALT.E.IS,nan
0853.HK,MicroPort Scientific Corporation
4004.SR,Dallah Healthcare Company
HEXW.NS,nan
DHBK.QA,Doha Bank Q.P.S.C.
0152.HK,Shenzhen International Holdings Limited
TU.R.BK,nan
FIVESTAR.NS,Five-Star Business Finance Limited
DANA.AE,nan
1722.TW,"Taiwan Fertilizer Co., Ltd."
BURSA.KL,Bursa Malaysia Berhad
URC.PS,nan
CARTRADE.NS,CarTrade Tech Limited
CUB.NS,City Union Bank Limited
688521.SS,"VeriSilicon Microelectronics (Shanghai) Co., Ltd."
GLAXO.NS,GlaxoSmithKline Pharmaceuticals Limited
002460.SZ,"Ganfeng Lithium Group Co., Ltd."
489790.KS,"Hanwha Vision CO.,LTD"
2206.TW,"Sanyang Motor Co., Ltd."
600111.SS,"China Northern Rare Earth (Group) High-Tech Co.,Ltd"
SIMEPROP.KL,Sime Darby Property Berhad
2270.SR,Saudia Dairy & Foodstuff Company
EGIE3.SA,Engie Brasil Energia S.A.
0881.HK,Zhongsheng Group Holdings Limited
2915.TW,Ruentex Industries Ltd.
000880.KS,Hanwha Corporation
2498.HK,"Robosense Technology Co., Ltd"
097950.KS,CJ Cheiljedang Corporation
035250.KS,"Kangwon Land, Inc."
2233.HK,West China Cement Limited
ASAHIINDIA.NS,Asahi India Glass Limited
CPFE3.SA,CPFL Energia S.A.
AFFLE.NS,Affle 3i Limited
FRTKF.KL,nan
AURE3.SA,Auren Energia S.A.
0189.HK,Dongyue Group Limited
FSL.NS,Firstsource Solutions Limited
6531.TW,AP Memory Technology Corporation
NTC.JO,Netcare Limited
003690.KS,Korean Reinsurance Company
FORCEMOT.NS,Force Motors Limited
ASTERDM.NS,Aster DM Healthcare Limited
192820.KS,"Cosmax, Inc."
GRUPOSURA,nan
POONAWALLA.NS,Poonawalla Fincorp Limited
2252.HK,"Shanghai MicroPort MedBot (Group) Co., Ltd."
1802.TW,Taiwan Glass Ind. Corp.
3023.TW,"SINBON Electronics Co., Ltd."
CSNA3.SA,Companhia Siderúrgica Nacional
NEULANDLAB.NS,Neuland Laboratories Limited
353200.KS,"DAEDUCK ELECTRONICS Co., Ltd."
AMR.AE,nan
BLACKBUCK.NS,BlackBuck Limited
8932.TWO,"Wiselink Co., Ltd."
6147.TWO,Chipbond Technology Corporation
ALUP11.SA,Alupar Investimento S.A.
002384.SZ,"Suzhou Dongshan Precision Manufacturing Co., Ltd."
7030.SR,Mobile Telecommunications Company Saudi Arabia
2096.HK,Simcere Pharmaceutical Group Limited
688578.SS,"Shanghai Allist Pharmaceuticals Co., Ltd."
SAMMAANCAP.NS,Sammaan Capital Limited
SPP.JO,The SPAR Group Ltd
JKS,"JinkoSolar Holding Co., Ltd."
4003.SR,United Electronics Company
1560.TW,Kinik Company
KIB.KW,Kuwait International Bank K.S.C.P.
002027.SZ,"Focus Media Information Technology Co., Ltd."
OMN.JO,Omnia Holdings Limited
EMAMILTD.NS,Emami Limited
200596.SZ,"Anhui Gujing Distillery Co., Ltd."
MOMO,Hello Group Inc.
300014.SZ,"EVE Energy Co., Ltd."
098460.KQ,Koh Young Technology Inc.
042670.KS,nan
600010.SS,"Inner Mongolia Baotou Steel Union Co., Ltd."
089030.KQ,"Techwing, Inc."
IGBREIT.KL,IGB Real Estate Investment Trust
139480.KS,E-MART Inc.
BANDHANBNK.NS,Bandhan Bank Limited
1681.HK,Consun Pharmaceutical Group Limited
TATATECH.NS,Tata Technologies Limited
257720.KQ,"SILICON2 Co., Ltd."
000977.SZ,"Inspur Electronic Information Industry Co., Ltd."
3491.TWO,"Universal Microwave Technology, Inc."
ABREL.NS,Aditya Birla Real Estate Limited
2504.TW,"Goldsun Building Materials Co., Ltd."
002493.SZ,"Rongsheng Petrochemical Co., Ltd."
300394.SZ,"Suzhou TFC Optical Communication Co., Ltd."
TMGH.CA,nan
CSAN3.SA,Cosan S.A.
039200.KQ,Oscotec Inc.
2646.TW,"STARLUX Airlines Co., Ltd."
603799.SS,"Zhejiang Huayou Cobalt Co., Ltd"
ZETRIX.KL,nan
3715.TW,"Dynamic Holding Co., Ltd."
688506.SS,"Sichuan Biokin Pharmaceutical Co.,Ltd."
688008.SS,"Montage Technology Co., Ltd."
GODFRYPHLP.NS,Godfrey Phillips India Limited
2498.TW,HTC Corporation
YNS.KL,nan
002916.SZ,"Shennan Circuits Co., Ltd."
3189.TW,Kinsus Interconnect Technology Corp.
300408.SZ,"Chaozhou Three-Circle (Group) Co.,Ltd."
1319.TW,"Tong Yang Industry Co., Ltd."
WBC.JO,nan
3081.TWO,LandMark Optoelectronics Corporation
AEGISLOG.NS,nan
ECL.SN,Engie Energia Chile S.A.
SMFT3.SA,Smartfit Escola de Ginástica e Dança S.A.
NATCOPHARM.NS,NATCO Pharma Limited
HSCL.NS,Himadri Speciality Chemical Limited
EKGYO.E.IS,nan
NATU3.SA,Natura Cosméticos S.A.
0751.HK,Skyworth Group Limited
BOLSAA.MX,"Bolsa Mexicana de Valores, S.A.B. de C.V."
RATCH.R.BK,nan
KAYNES.NS,Kaynes Technology India Limited
011210.KS,Hyundai Wia Corporation
ATUL.NS,Atul Ltd
GTCAP.PS,nan
CYIENT.NS,Cyient Limited
BRAP4.SA,Bradespar S.A.
2162.HK,Keymed Biosciences Inc.
BPCC.KW,Boubyan Petrochemical Company K.S.C.P.
1797.HK,East Buy Holding Limited
PGSUS.E.IS,nan
CCU.SN,Compañía Cervecerías Unidas S.A.
2276.HK,"Shanghai Conant Optical Co., Ltd."
2329.TW,"Orient Semiconductor Electronics, Limited"
022100.KS,Posco Dx Company Ltd.
GRANULES.NS,Granules India Limited
3393.HK,Wasion Holdings Limited
601336.SS,New China Life Insurance Company Ltd.
JUBLPHARMA.NS,Jubilant Pharmova Limited
1579.HK,Yihai International Holding Ltd.
5439.TWO,"First Hi-tec Enterprise Co., Ltd."
000807.SZ,"Yunnan Aluminium Co., Ltd."
6472.TW,"Bora Pharmaceuticals Co., Ltd."
TATACHEM.NS,Tata Chemicals Limited
095340.KQ,"ISC Co., Ltd."
1503.TW,Shihlin Electric & Engineering Corp.
1918.HK,Sunac China Holdings Limited
LALPATHLAB.NS,Dr. Lal PathLabs Limited
4979.TWO,LuxNet Corporation
3900.HK,Greentown China Holdings Limited
4123.TWO,"Center Laboratories, Inc."
WHA.R.BK,nan
000338.SZ,"Weichai Power Co., Ltd."
FLRY3.SA,Fleury S.A.
600029.SS,China Southern Airlines Company Limited
F&N.KL,nan
9911.HK,Newborn Town Inc.
KAJARIACER.NS,Kajaria Ceramics Limited
2352.TW,Qisda Corporation
032350.KS,"Lotte Tour Development Co., Ltd."
052690.KS,"KEPCO Engineering & Construction Company, Inc."
AEFES.E.IS,nan
ORVR3.SA,Orizon Valorização de Resíduos S.A.
CPS.WA,Cyfrowy Polsat S.A.
PAX,Patria Investments Limited
MEGACPO.MX,"Megacable Holdings, S. A. B. de C. V."
3339.HK,Lonking Holdings Limited
BRAV3.SA,Brava Energia S.A.
9939.TW,"Taiwan Hon Chuan Enterprise Co., Ltd."
IGIL.NS,International Gemological Institute Limited
LH.R.BK,nan
POMO4.SA,Marcopolo S.A.
ANGELONE.NS,Angel One Limited
BHW.WA,Bank Handlowy w Warszawie S.A.
3035.TW,Faraday Technology Corporation
HYP.JO,Hyprop Investments Limited
ENTEL.SN,Empresa Nacional de Telecomunicaciones S.A.
017960.KS,"Hankuk Carbon Co., Ltd."
010060.KS,OCI Holdings Company Ltd.
030000.KS,Cheil Worldwide Inc.
PPLPHARMA.NS,Piramal Pharma Limited
GUBRF.E.IS,nan
005290.KQ,"Dongjin Semichem Co., Ltd."
LHC.JO,Life Healthcare Group Holdings Limited
WOCKPHARMA.NS,Wockhardt Limited
TBOTEK.NS,nan
2666.HK,Genertec Universal Medical Group Company Limited
MWC.PS,nan
JSE.JO,JSE Limited
BCP.R.BK,nan
GSPL.NS,Gujarat State Petronet Limited
237690.KQ,"ST Pharm Co.,Ltd."
688072.SS,Piotech Inc.
4005.SR,National Medical Care Company
2202.HK,"China Vanke Co., Ltd."
6510.TWO,"Chunghwa Precision Test Tech. Co., Ltd."
STARHEALTH.NS,Star Health and Allied Insurance Company Limited
2869.HK,Greentown Service Group Co. Ltd.
TIGR,UP Fintech Holding Limited
300604.SZ,"Hangzhou Changchuan Technology Co.,Ltd"
688617.SS,APT Medical Inc.
0817.HK,China Jinmao Holdings Group Limited
HBLENGINE.NS,nan
DEEPAKNTR.NS,Deepak Nitrite Limited
CPAXT.R.BK,nan
ORBIA*.MX,nan
336260.KS,"Doosan Fuel Cell Co., Ltd."
4321.SR,Arabian Centres Company
KFINTECH.NS,KFin Technologies Limited
2838.TW,Union Bank of Taiwan
ZAB.WA,Zabka Group S.A.
SAP.JO,Sappi Limited
3450.TW,Elite Advanced Laser Corporation
002202.SZ,"Goldwind Science&Technology Co., Ltd."
222800.KQ,"SIMMTECH Co., Ltd."
002353.SZ,"Yantai Jereh Oilfield Services Group Co., Ltd."
MCEMENT.KL,nan
008770.KS,"Hotel Shilla Co.,Ltd"
AREIT.PS,nan
RLO.JO,Reunert Limited
ACC.NS,ACC Limited
SYNGENE.NS,Syngene International Limited
069960.KS,Hyundai Department Store Co. Ltd.
CHAMBLFERT.NS,Chambal Fertilisers and Chemicals Limited
SPALI.R.BK,nan
3020.SR,YAMAMA Cement Company
010130.KS,"Korea Zinc Company, Ltd."
ZEEL.NS,Zee Entertainment Enterprises Limited
LABB.MX,"Genomma Lab Internacional, S.A.B. de C.V."
IQ,"iQIYI, Inc."
011170.KS,Lotte Chemical Corporation
1314.TW,China Petrochemical Development Corporation
2616.HK,CStone Pharmaceuticals
1368.HK,Xtep International Holdings Limited
2855.TW,President Securities Corporation
9636.HK,JF SmartInvest Holdings Ltd
1776.HK,"GF Securities Co., Ltd."
083650.KQ,"BHI Co., Ltd."
000625.SZ,Chongqing Changan Automobile Company Limited
ELPE.AT,HELLENiQ ENERGY Holdings S.A.
068760.KQ,"Celltrion Pharm, Inc."
EGCO.R.BK,nan
9606.HK,"Duality Biotherapeutics, Inc."
TGA.JO,Thungela Resources Limited
4031.SR,Saudi Ground Services Company
IGTI11.SA,Iguatemi S.A.
103140.KS,Poongsan Corporation
600584.SS,"JCET Group Co., Ltd."
002241.SZ,Goertek Inc.
AXREIT.KL,nan
1052.HK,Yuexiu Transport Infrastructure Limited
MTARTECH.NS,MTAR Technologies Limited
041510.KQ,"SM Entertainment Co., Ltd."
6789.TW,VisEra Technologies Company Ltd.
NMDCENR.AE,nan
CGCL.NS,Capri Global Capital Limited
SKFINDUS.BO,SKF India (Industrial) Limited
002463.SZ,"Wus Printed Circuit (Kunshan) Co., Ltd."
6187.TWO,"All Ring Tech Co., Ltd."
TATAINVEST.NS,Tata Investment Corporation Limited
3320.HK,China Resources Pharmaceutical Group Limited
002001.SZ,Zhejiang NHU Company Ltd.
SAGILITY.NS,Sagility Limited
EMPOWER.AE,Emirates Central Cooling Systems Corporation
000538.SZ,"Yunnan Baiyao Group Co.,Ltd"
036930.KQ,"JUSUNG ENGINEERING Co.,Ltd."
051600.KS,"KEPCO Plant Service & Engineering Co.,Ltd."
BOX.JO,Boxer Retail Ltd
084370.KQ,"Eugene Technology Co.,Ltd."
VAPORES.SN,Compañía Sud Americana de Vapores S.A.
002736.SZ,"Guosen Securities Co., Ltd."
NUVAMA.NS,Nuvama Wealth Management Limited
533581.BO,PG Electroplast Limited
600418.SS,"Anhui Jianghuai Automobile Group Corp.,Ltd."
002600.SZ,Lingyi iTech (Guangdong) Company
2330.SR,Advanced Petrochemical Company
CEMARGOS,nan
2312.TW,"Kinpo Electronics, Inc."
0855.HK,China Water Affairs Group Limited
357780.KQ,"Soulbrain Co., Ltd."
ARE&M.NS,Amara Raja Energy & Mobility Limited
375500.KS,"DL E&C Co.,Ltd."
2696.HK,"Shanghai Henlius Biotech, Inc."
BAATABAK.PR,nan
403870.KQ,"HPSP Co., Ltd."
0123.HK,Yuexiu Property Company Limited
CML.JO,Coronation Fund Managers Limited
2374.TW,"Ability Enterprise Co., Ltd."
VITROX.KL,nan
TOPGLOV.KL,nan
8230.SR,Al Rajhi Company for Cooperative Insurance
002414.SZ,"Wuhan Guide Infrared Co., Ltd."
1907.TW,YFY Inc.
000630.SZ,"Tongling Nonferrous Metals Group Co.,Ltd."
2080.SR,National Gas and Industrialization Company
PAVREIT.KL,Pavilion Real Estate Investment Trust
4763.TW,"Jinan Acetate Chemical Co., Ltd."
6414.TW,Ennoconn Corporation
1316.HK,Nexteer Automotive Group Limited
PSSA3.SA,Porto Seguro S.A.
BIRET.NS,nan
3413.TW,Foxsemicon Integrated Technology Inc.
PIK.JO,Pick n Pay Stores Limited
ZFCVINDIA.NS,ZF Commercial Vehicle Control Systems India Limited
001430.KS,SeAH Besteel Holdings Corporation
AKTR.AT,Aktor Societe Anonyme Holding Company Technical and Energy Projects
2350.SR,Saudi Kayan Petrochemical Company
AADI.JK,nan
EIDPARRY.NS,E.I.D.- Parry (India) Limited
6004.SR,CATRION Catering Holding Company
002311.SZ,"Guangdong Haid Group Co., Limited"
6670.TW,"FuSheng Precision Co., Ltd."
6691.TW,"Yankey Engineering Co., Ltd."
012750.KS,S-1 Corporation
2492.TW,Walsin Technology Corporation
BOURSA.KW,Boursa Kuwait Securities Company K.P.S.C.
6188.TWO,Quanta Storage Inc.
000933.SZ,Henan Shenhuo Coal Industry and Electricity Power Co. Ltd
KEC.NS,KEC International Limited
SRE.KW,Salhia Real Estate Company K.S.C.P.
PARKIN.AE,nan
601868.SS,China Energy Engineering Corporation Limited
002304.SZ,"Jiangsu Yanghe Distillery Co., Ltd."
4017.SR,nan
8313.SR,Rasan Information Technology Company
500048.BO,nan
006360.KS,GS Engineering & Construction Corporation
SIB.AE,nan
1199.HK,COSCO SHIPPING Ports Limited
HONAUT.NS,Honeywell Automation India Limited
1672.HK,Ascletis Pharma Inc.
600438.SS,"Tongwei Co.,Ltd"
INTELLECT.NS,Intellect Design Arena Limited
KTC.R.BK,nan
AEGN.AT,Aegean Airlines S.A.
HUMANSOFT.KW,Humansoft Holding Company K.S.C.P.
600362.SS,Jiangxi Copper Company Limited
HAPV3.SA,Hapvida Participações e Investimentos S.A.
AADHARHFC.NS,nan
WBO.JO,Wilson Bayly Holmes-Ovcon Limited
6055.HK,China Tobacco International (HK) Company Limited
6116.TW,HannStar Display Corporation
2038.HK,FIH Mobile Limited
AZZA3.SA,Azzas 2154 S.A.
1609.TW,"Ta Ya Electric Wire & Cable Co., Ltd."
TANCO.KL,nan
067310.KQ,HANA Micron Inc.
9933.TW,CTCI Corporation
INOXWIND.NS,Inox Wind Limited
DIRR3.SA,Direcional Engenharia S.A.
CNPF.PS,nan
CXSE3.SA,Caixa Seguridade Participações S.A.
SGML,Sigma Lithium Corporation
AP.R.BK,nan
600219.SS,"Shandong Nanshan Aluminium Co.,Ltd."
TITAGARH.NS,Titagarh Rail Systems Limited
MEZZAN.KW,Mezzan Holding Company K.S.C.P.
VOLARA.MX,"Controladora Vuela Compañía de Aviación, S.A.B. de C.V."
OSP.R.BK,nan
CARLSBG.KL,nan
383220.KS,"F&F Co., Ltd"
6285.TW,WNC Corporation
000988.SZ,HGTECH Company Limited
8422.TW,Cleanaway Company Limited
9921.TW,"Giant Manufacturing Co., Ltd."
2548.TW,"Huaku Development Co., Ltd."
3019.TW,"Asia Optical Co., Inc."
002466.SZ,Tianqi Lithium Corporation
4015.SR,Jamjoom Pharmaceuticals Factory Company
DCP.JO,Dis-Chem Pharmacies Limited
601872.SS,"China Merchants Energy Shipping Co., Ltd."
SAPPHIRE.NS,Sapphire Foods India Limited
TOASO.E.IS,nan
601319.SS,The People's Insurance Company (Group) of China Limited
600221.SS,"Hainan Airlines Holding Co., Ltd."
NAVA.NS,Nava Limited
267270.KS,"HD Construction Equipment Co., Ltd."
3939.HK,Wanguo Gold Group Limited
SCIENTX.KL,nan
IRB.NS,IRB Infrastructure Developers Limited
1302.HK,LifeTech Scientific Corporation
263750.KQ,Pearl Abyss Corp.
002709.SZ,"Guangzhou Tinci Materials Technology Co., Ltd."
603228.SS,"Shenzhen Kinwong Electronic Co., Ltd."
CABLE.KW,Gulf Cables and Electrical Industries Group Company - KPSC
KIRLOSENG.NS,Kirloskar Oil Engines Limited
600426.SS,"Shandong Hualu-Hengsheng Chemical Co., Ltd."
302440.KS,"SK bioscience Co.,Ltd."
5234.TW,Daxin Materials Corporation
000617.SZ,CNPC Capital Company Limited
SUNDRMFAST.NS,Sundram Fasteners Limited
MAPI.JK,PT. Mitra Adiperkasa Tbk
AARTIIND.NS,Aarti Industries Limited
CARBORUNIV.NS,Carborundum Universal Limited
LACOMERUBC.MX,"La Comer, S.A.B. de C.V."
MTC.R.BK,nan
CRISIL.NS,CRISIL Limited
688126.SS,"National Silicon Industry Group Co., Ltd."
3406.TW,"Genius Electronic Optical Co.,Ltd."
DATAPATTNS.NS,Data Patterns (India) Limited
3899.HK,CIMC Enric Holdings Limited
601669.SS,"Power Construction Corporation of China, Ltd"
9925.TW,"Taiwan Shin Kong Security Co., Ltd."
INCO.JK,PT Vale Indonesia Tbk
3563.TW,Machvision Inc.
6290.TWO,Longwell Company
3376.TW,"Shin Zu Shing Co., Ltd."
5371.TWO,Coretronic Corporation
161890.KS,"Kolmar Korea Co., Ltd."
UPP.AE,Union Properties Public Joint Stock Company
BALRAMCHIN.NS,Balrampur Chini Mills Limited
002938.SZ,"Avary Holding(Shenzhen)Co., Limited"
2171.HK,CARsgen Therapeutics Holdings Limited
3030.TW,"Test Research, Inc."
2533.HK,Black Sesame International Holding Limited
CASTROLIND.NS,Castrol India Limited
601360.SS,360 Security Technology Inc.
002050.SZ,"Zhejiang Sanhua Intelligent Controls Co.,Ltd"
4264.SR,Flynas Company
GPSC.R.BK,nan
PVRINOX.NS,PVR INOX Limited
007390.KQ,"NatureCell Co.,Ltd."
3006.TW,Elite Semiconductor Microelectronics Technology Inc.
BSOFT.NS,Birlasoft Limited
600176.SS,"China Jushi Co., Ltd."
2458.TW,ELAN Microelectronics Corporation
MGL.NS,Mahanagar Gas Limited
3680.TWO,"Gudeng Precision Industrial Co., Ltd."
JPPOWER.NS,Jaiprakash Power Ventures Limited
023590.KS,Daou Technology Inc.
AKRA.JK,PT AKR Corporindo Tbk
3714.TW,ENNOSTAR Inc.
5388.TW,Sercomm Corporation
000895.SZ,"Henan Shuanghui Investment & Development Co.,Ltd."
TOWR.JK,PT Sarana Menara Nusantara Tbk.
ACUTAAS.NS,Acutaas Chemicals Limited
000938.SZ,Unisplendour Corporation Limited
UNIP6.SA,Unipar Carbocloro S.A.
6069.HK,SY Holdings Group Limited
MBK.R.BK,nan
ELGIEQUIP.NS,Elgi Equipments Limited
TDPOWERSYS.NS,TD Power Systems Limited
300251.SZ,"Beijing Enlight Media Co., Ltd"
6110.HK,Topsports International Holdings Limited
CURY3.SA,Cury Construtora e Incorporadora S.A.
004370.KS,"Nongshim Co., Ltd."
601111.SS,Air China Limited
LTFOODS.NS,LT Foods Limited
600875.SS,Dongfang Electric Corporation Limited
1830.SR,Leejam Sports Company
009420.KS,"Hanall Biopharma Co., Ltd."
2050.SR,Savola Group Company
CREDITACC.NS,CreditAccess Grameen Limited
1478.HK,Q Technology (Group) Company Limited
600570.SS,Hundsun Technologies Inc.
2060.SR,National Industrialization Company
600415.SS,"Zhejiang China Commodities City Group Co., Ltd."
009970.KS,"Youngone Holdings Co., Ltd."
CENTEL.R.BK,nan
4342.SR,Jadwa Investment - Jadwa Reit Saudi Fund
2367.TW,Unitech Printed Circuit Board Corp.
RPOWER.NS,Reliance Power Limited
001120.KS,LX International Corp.
SCGP.R.BK,nan
002049.SZ,"Unigroup Guoxin Microelectronics Co., Ltd."
APIC.JK,PT Pacific Strategic Financial Tbk
6214.TW,Systex Corporation
SAWAD.R.BK,nan
6666.HK,Evergrande Property Services Group Limited
0119.HK,"Poly Property Group Co., Limited"
COHANCE.NS,nan
8028.TW,Phoenix Silicon International Corporation
CAP.SN,CAP S.A.
2467.TW,C Sun Mfg Ltd.
2230.SR,Saudi Chemical Holding Company
028670.KS,"Pan Ocean Co., Ltd."
GLAND.NS,Gland Pharma Limited
MIKA.JK,PT Mitra Keluarga Karyasehat Tbk
251270.KS,Netmarble Corporation
ANANTRAJ.NS,Anant Raj Limited
ECLERX.NS,eClerx Services Limited
CONCHATORO.SN,Viña Concha y Toro S.A.
TRITURBINE.NS,Triveni Turbine Limited
600011.SS,"Huaneng Power International, Inc."
4915.TW,Primax Electronics Ltd.
008930.KS,"Hanmi Science Co., Ltd."
036460.KS,Korea Gas Corporation
002074.SZ,"Gotion High-tech Co.,Ltd."
002648.SZ,"Satellite Chemical Co.,Ltd."
ZENSARTECH.NS,Zensar Technologies Limited
BTS.R.BK,nan
005070.KS,"Cosmo Advanced Materials & Technology Co., Ltd."
6616.HK,Global New Material International Holdings Limited
000831.SZ,"China Rare Earth Resources And Technology Co., Ltd."
MPI.KL,nan
LEMONTREE.NS,Lemon Tree Hotels Limited
