2025-04-07 12:59:44,SAP
2025-04-07 12:59:57,AAPL
2025-04-07 13:04:51,HNR1
2025-04-23 06:17:51,NVDA
2025-04-23 10:17:28,AAPL
2025-04-23 10:18:15,AAPL
2025-04-28 05:54:41,AAPL
2025-04-28 06:12:26,AAPL
<<<<<<< Updated upstream
<<<<<<< Updated upstream
<<<<<<< Updated upstream
2025-06-03 11:19:41,AAPL
2025-06-03 11:20:01,AAPL
2025-06-03 11:20:10,AAPL
2025-06-03 11:20:40,AAPL
2025-06-03 11:20:55,AAPL
2025-06-05 05:51:18,AAPL
2025-06-05 05:57:01,AAPL
2025-06-05 05:57:16,AAPL
2025-06-05 05:58:10,AAPL
2025-06-05 06:01:52,AAPL
2025-06-05 06:02:15,AAPL
2025-06-05 06:02:28,AAPL
=======
2025-06-05 08:50:31,AAPL
>>>>>>> Stashed changes
=======
2025-06-05 08:50:31,AAPL
>>>>>>> Stashed changes
=======
2025-06-05 08:50:31,AAPL
>>>>>>> Stashed changes
